"delivery_no","user_id","dName","dTel","dAddress"
1,test,홍길동1,"1011112222",서울시 강남구 옥수수동1
2,test2,홍길동2,"1011113333",서울시 강서구구 옥수수동2
3,test3,홍길동3,"1011114444",서울시 서대문구 옥수수동3
4,test3,홍길동4,"1011115555",서울시 강북구 옥구구동4
5,test,홍길동5,"1011116666",서울시 양천구 옥수수동5
6,test,홍길동6,"1011117777",서울시 옥수수구 옥수수동66
9,test4,홍길동7,"1011118888",서울시 은평구 옥수수동77
10,test,홍길동8,"1011119999",서울 관악구 난곡로 30 303호
11,test,김정원,"1022221111",서울 강남구 압구정로 102 303호
12,test,민정원,"1025225555",서울 서대문구 간호대로 3 303호
13,admin,김테스트,"01012341234",서울 강남구 학동로 지하 102 102호
14,admin,김테스트,"01011111111",서울 마포구 신촌로 6 102호
15,admin,김테스,"01022223333",서울 서대문구 봉원사2길 10-2 101호
